dimensions,5,6,7,8,9
no_DR,0.0,0.0,0.0,0.0,0.0
hash,0.5910980701446533,0.5927801132202148,0.5234558582305908,0.5681660175323486,0.6011359691619873
